-- LGU Alicia LMS — reference schema + baseline seed (SQLite dialect)
-- Canonical schema lives in database/migrations (engine-portable).
-- For MySQL deployment, run: php artisan migrate --seed  (see docs/Deployment.md)
-- Or generate a MySQL dump on the server: php artisan schema:dump

CREATE TABLE "activity_logs" ("id" integer primary key autoincrement not null, "user_id" integer, "method" varchar not null, "path" varchar not null, "route_name" varchar, "ip" varchar not null, "user_agent" text, "created_at" datetime, "updated_at" datetime, foreign key("user_id") references "users"("id") on delete set null);

CREATE TABLE "approvals" ("id" integer primary key autoincrement not null, "leave_request_id" integer not null, "step_no" integer not null, "role_slug" varchar not null, "approver_id" integer, "action" varchar not null default 'pending', "comments" text, "days_with_pay" numeric, "days_without_pay" numeric, "certified_balances" text, "signature" varchar, "acted_at" datetime, "created_at" datetime, "updated_at" datetime, foreign key("leave_request_id") references "leave_requests"("id") on delete cascade, foreign key("approver_id") references "users"("id") on delete set null);

CREATE TABLE "archives" ("id" integer primary key autoincrement not null, "archivable_type" varchar not null, "archivable_id" integer not null, "snapshot" text not null, "archived_by" integer, "restored_at" datetime, "created_at" datetime, "updated_at" datetime, foreign key("archived_by") references "users"("id") on delete set null);

CREATE TABLE "audit_logs" ("id" integer primary key autoincrement not null, "user_id" integer, "role_snapshot" varchar, "action" varchar not null, "auditable_type" varchar, "auditable_id" integer, "old_values" text, "new_values" text, "ip" varchar, "user_agent" text, "url" varchar, "created_at" datetime, "updated_at" datetime, foreign key("user_id") references "users"("id") on delete set null);

CREATE TABLE "authorized_devices" ("id" integer primary key autoincrement not null, "ip_address" varchar not null, "hostname" varchar not null, "mac_address" varchar, "description" varchar, "status" varchar not null default 'active', "registered_by" integer, "last_active_at" datetime, "archived_at" datetime, "created_at" datetime, "updated_at" datetime, foreign key("registered_by") references "users"("id") on delete set null);

CREATE TABLE "blocked_ips" ("id" integer primary key autoincrement not null, "ip" varchar not null, "reason" varchar not null, "source" varchar not null default 'auto', "blocked_by" integer, "expires_at" datetime, "active" tinyint(1) not null default '1', "created_at" datetime, "updated_at" datetime, foreign key("blocked_by") references "users"("id") on delete set null);

CREATE TABLE "cache" ("key" varchar not null, "value" text not null, "expiration" integer not null, primary key ("key"));

CREATE TABLE "cache_locks" ("key" varchar not null, "owner" varchar not null, "expiration" integer not null, primary key ("key"));

CREATE TABLE "departments" ("id" integer primary key autoincrement not null, "name" varchar not null, "code" varchar not null, "head_user_id" integer, "deleted_at" datetime, "created_at" datetime, "updated_at" datetime, foreign key("head_user_id") references "users"("id") on delete set null);

CREATE TABLE "employee_profiles" ("id" integer primary key autoincrement not null, "user_id" integer not null, "employee_no" varchar not null, "first_name" varchar not null, "middle_name" varchar, "last_name" varchar not null, "gender" varchar, "civil_status" varchar, "birth_date" date, "contact_no" varchar, "address" varchar, "salary" numeric not null default '0', "department_id" integer, "position_id" integer, "employment_status" varchar not null default 'permanent', "date_hired" date, "signature_path" varchar, "is_solo_parent" tinyint(1) not null default '0', "created_at" datetime, "updated_at" datetime, foreign key("user_id") references "users"("id") on delete cascade, foreign key("department_id") references "departments"("id") on delete restrict, foreign key("position_id") references "positions"("id") on delete restrict);

CREATE TABLE "failed_jobs" ("id" integer primary key autoincrement not null, "uuid" varchar not null, "connection" text not null, "queue" text not null, "payload" text not null, "exception" text not null, "failed_at" datetime not null default CURRENT_TIMESTAMP);

CREATE TABLE "failed_logins" ("id" integer primary key autoincrement not null, "identifier" varchar not null, "user_id" integer, "ip" varchar not null, "user_agent" text, "reason" varchar not null, "occurred_at" datetime not null, "created_at" datetime, "updated_at" datetime, foreign key("user_id") references "users"("id") on delete set null);

CREATE TABLE "holidays" ("id" integer primary key autoincrement not null, "date" date not null, "name" varchar not null, "scope" varchar not null default 'national', "created_at" datetime, "updated_at" datetime);

CREATE TABLE "intrusion_logs" ("id" integer primary key autoincrement not null, "category" varchar not null, "severity" varchar not null default 'medium', "route" varchar, "method" varchar, "payload_excerpt" text, "matched_rule" varchar, "ip" varchar not null, "user_agent" text, "user_id" integer, "handled" tinyint(1) not null default '0', "created_at" datetime, "updated_at" datetime, foreign key("user_id") references "users"("id") on delete set null);

CREATE TABLE "job_batches" ("id" varchar not null, "name" varchar not null, "total_jobs" integer not null, "pending_jobs" integer not null, "failed_jobs" integer not null, "failed_job_ids" text not null, "options" text, "cancelled_at" integer, "created_at" integer not null, "finished_at" integer, primary key ("id"));

CREATE TABLE "jobs" ("id" integer primary key autoincrement not null, "queue" varchar not null, "payload" text not null, "attempts" integer not null, "reserved_at" integer, "available_at" integer not null, "created_at" integer not null);

CREATE TABLE "leave_balances" ("id" integer primary key autoincrement not null, "user_id" integer not null, "leave_type_id" integer not null, "earned" numeric not null default '0', "used" numeric not null default '0', "balance" numeric not null default '0', "last_accrued_period" varchar, "created_at" datetime, "updated_at" datetime, foreign key("user_id") references "users"("id") on delete cascade, foreign key("leave_type_id") references "leave_types"("id") on delete cascade);

CREATE TABLE "leave_history" ("id" integer primary key autoincrement not null, "user_id" integer not null, "leave_type_id" integer not null, "leave_request_id" integer, "entry_type" varchar not null, "days" numeric not null, "balance_after" numeric not null, "period" varchar, "remarks" varchar, "actor_id" integer, "created_at" datetime, "updated_at" datetime, foreign key("user_id") references "users"("id") on delete cascade, foreign key("leave_type_id") references "leave_types"("id") on delete cascade, foreign key("leave_request_id") references "leave_requests"("id") on delete set null, foreign key("actor_id") references "users"("id") on delete set null);

CREATE TABLE "leave_request_documents" ("id" integer primary key autoincrement not null, "leave_request_id" integer not null, "type" varchar not null, "original_name" varchar not null, "path" varchar not null, "hash" varchar not null, "size" integer not null, "mime" varchar not null, "uploaded_by" integer not null, "created_at" datetime, "updated_at" datetime, foreign key("leave_request_id") references "leave_requests"("id") on delete cascade, foreign key("uploaded_by") references "users"("id"));

CREATE TABLE "leave_requests" ("id" integer primary key autoincrement not null, "reference_no" varchar not null, "user_id" integer not null, "leave_type_id" integer not null, "date_filed" date not null, "start_date" date not null, "end_date" date not null, "working_days" numeric not null, "details" text, "purpose" text, "commutation" tinyint(1) not null default '0', "status" varchar not null default 'pending', "current_step" integer not null default '0', "is_late_filing" tinyint(1) not null default '0', "late_filing_reason" varchar, "filing_warnings" text, "hr_override" tinyint(1) not null default '0', "hr_override_reason" varchar, "days_with_pay" numeric, "days_without_pay" numeric, "disapproval_reason" varchar, "office_snapshot" varchar, "position_snapshot" varchar, "salary_snapshot" numeric, "applicant_signature" varchar, "decided_at" datetime, "deleted_at" datetime, "created_at" datetime, "updated_at" datetime, foreign key("user_id") references "users"("id") on delete cascade, foreign key("leave_type_id") references "leave_types"("id") on delete restrict);

CREATE TABLE "leave_types" ("id" integer primary key autoincrement not null, "code" varchar not null, "name" varchar not null, "category" varchar not null default 'regular', "max_days" numeric, "deductible" tinyint(1) not null default '0', "credit_source" varchar, "requires_medical_after_days" integer, "filing_deadline_days" integer not null default '0', "deadline_is_hard" tinyint(1) not null default '0', "detail_schema" text, "required_documents" text, "approval_flow" text, "annual_reset" tinyint(1) not null default '0', "expires" tinyint(1) not null default '0', "is_custom" tinyint(1) not null default '0', "active" tinyint(1) not null default '1', "description" text, "created_at" datetime, "updated_at" datetime);

CREATE TABLE "migrations" ("id" integer primary key autoincrement not null, "migration" varchar not null, "batch" integer not null);

CREATE TABLE "notifications" ("id" varchar not null, "type" varchar not null, "notifiable_type" varchar not null, "notifiable_id" integer not null, "data" text not null, "read_at" datetime, "created_at" datetime, "updated_at" datetime, primary key ("id"));

CREATE TABLE "otp_codes" ("id" integer primary key autoincrement not null, "user_id" integer not null, "code_hash" varchar not null, "purpose" varchar not null default 'login', "expires_at" datetime not null, "consumed_at" datetime, "attempts" integer not null default '0', "ip" varchar, "created_at" datetime, "updated_at" datetime, foreign key("user_id") references "users"("id") on delete cascade);

CREATE TABLE "password_reset_tokens" ("email" varchar not null, "token" varchar not null, "created_at" datetime, primary key ("email"));

CREATE TABLE "permission_role" ("permission_id" integer not null, "role_id" integer not null, foreign key("permission_id") references "permissions"("id") on delete cascade, foreign key("role_id") references "roles"("id") on delete cascade, primary key ("permission_id", "role_id"));

CREATE TABLE "permission_user" ("permission_id" integer not null, "user_id" integer not null, "type" varchar not null default 'allow', foreign key("permission_id") references "permissions"("id") on delete cascade, foreign key("user_id") references "users"("id") on delete cascade, primary key ("permission_id", "user_id"));

CREATE TABLE "permissions" ("id" integer primary key autoincrement not null, "name" varchar not null, "slug" varchar not null, "module" varchar not null, "description" varchar, "created_at" datetime, "updated_at" datetime);

CREATE TABLE "personal_access_tokens" ("id" integer primary key autoincrement not null, "tokenable_type" varchar not null, "tokenable_id" integer not null, "name" text not null, "token" varchar not null, "abilities" text, "last_used_at" datetime, "expires_at" datetime, "created_at" datetime, "updated_at" datetime);

CREATE TABLE "positions" ("id" integer primary key autoincrement not null, "title" varchar not null, "salary_grade" varchar, "deleted_at" datetime, "created_at" datetime, "updated_at" datetime);

CREATE TABLE "role_user" ("role_id" integer not null, "user_id" integer not null, foreign key("role_id") references "roles"("id") on delete cascade, foreign key("user_id") references "users"("id") on delete cascade, primary key ("role_id", "user_id"));

CREATE TABLE "roles" ("id" integer primary key autoincrement not null, "name" varchar not null, "slug" varchar not null, "description" varchar, "parent_id" integer, "is_system" tinyint(1) not null default '0', "created_at" datetime, "updated_at" datetime, foreign key("parent_id") references "roles"("id") on delete set null);

CREATE TABLE "sessions" ("id" varchar not null, "user_id" integer, "ip_address" varchar, "user_agent" text, "payload" text not null, "last_activity" integer not null, primary key ("id"));

CREATE TABLE "system_settings" ("id" integer primary key autoincrement not null, "key" varchar not null, "value" text, "type" varchar not null default 'string', "group" varchar not null default 'general', "description" varchar, "created_at" datetime, "updated_at" datetime);

CREATE TABLE "users" ("id" integer primary key autoincrement not null, "name" varchar not null, "username" varchar not null, "email" varchar not null, "email_verified_at" datetime, "password" varchar not null, "status" varchar not null default 'active', "blocked_until" datetime, "blocked_reason" varchar, "failed_attempts" integer not null default '0', "must_change_password" tinyint(1) not null default '0', "password_changed_at" datetime, "last_login_at" datetime, "last_login_ip" varchar, "remember_token" varchar, "deleted_at" datetime, "created_at" datetime, "updated_at" datetime);

-- Data: roles
INSERT INTO roles (id, name, slug, description, parent_id, is_system, created_at, updated_at) VALUES ('1', 'Employee', 'employee', 'Regular LGU employee: files and tracks own leave.', NULL, '1', '2026-07-12 12:55:29', '2026-07-12 12:55:29');
INSERT INTO roles (id, name, slug, description, parent_id, is_system, created_at, updated_at) VALUES ('2', 'Department Head', 'department-head', 'Reviews and recommends leave for own department.', '1', '1', '2026-07-12 12:55:29', '2026-07-12 12:55:29');
INSERT INTO roles (id, name, slug, description, parent_id, is_system, created_at, updated_at) VALUES ('3', 'HR', 'hr', 'Human Resources: employees, balances, certification, reports.', '1', '1', '2026-07-12 12:55:29', '2026-07-12 12:55:29');
INSERT INTO roles (id, name, slug, description, parent_id, is_system, created_at, updated_at) VALUES ('4', 'Municipal Mayor', 'mayor', 'Final approving authority for leave applications.', '1', '1', '2026-07-12 12:55:29', '2026-07-12 12:55:29');
INSERT INTO roles (id, name, slug, description, parent_id, is_system, created_at, updated_at) VALUES ('5', 'System Administrator', 'system-admin', 'Operates users, devices, security monitoring and settings.', NULL, '1', '2026-07-12 12:55:29', '2026-07-12 12:55:29');
INSERT INTO roles (id, name, slug, description, parent_id, is_system, created_at, updated_at) VALUES ('6', 'Super Admin', 'super-admin', 'Unrestricted platform owner.', NULL, '1', '2026-07-12 12:55:29', '2026-07-12 12:55:29');

-- Data: permissions
INSERT INTO permissions (id, name, slug, module, description, created_at, updated_at) VALUES ('1', 'Full system access (wildcard)', '*', 'system', 'Full system access (wildcard)', '2026-07-12 12:55:28', '2026-07-12 12:55:28');
INSERT INTO permissions (id, name, slug, module, description, created_at, updated_at) VALUES ('2', 'View own dashboard', 'dashboard.view', 'dashboard', 'View own dashboard', '2026-07-12 12:55:28', '2026-07-12 12:55:28');
INSERT INTO permissions (id, name, slug, module, description, created_at, updated_at) VALUES ('3', 'Create/update/archive/restore/delete users', 'users.manage', 'users', 'Create/update/archive/restore/delete users', '2026-07-12 12:55:28', '2026-07-12 12:55:28');
INSERT INTO permissions (id, name, slug, module, description, created_at, updated_at) VALUES ('4', 'Manually block & unblock accounts', 'users.block', 'users', 'Manually block & unblock accounts', '2026-07-12 12:55:28', '2026-07-12 12:55:28');
INSERT INTO permissions (id, name, slug, module, description, created_at, updated_at) VALUES ('5', 'Reset user passwords', 'users.reset-password', 'users', 'Reset user passwords', '2026-07-12 12:55:28', '2026-07-12 12:55:28');
INSERT INTO permissions (id, name, slug, module, description, created_at, updated_at) VALUES ('6', 'Assign roles and permissions to users', 'users.assign-roles', 'users', 'Assign roles and permissions to users', '2026-07-12 12:55:28', '2026-07-12 12:55:28');
INSERT INTO permissions (id, name, slug, module, description, created_at, updated_at) VALUES ('7', 'View login and audit history of users', 'users.history', 'users', 'View login and audit history of users', '2026-07-12 12:55:28', '2026-07-12 12:55:28');
INSERT INTO permissions (id, name, slug, module, description, created_at, updated_at) VALUES ('8', 'Manage roles and permissions', 'rbac.manage', 'rbac', 'Manage roles and permissions', '2026-07-12 12:55:28', '2026-07-12 12:55:28');
INSERT INTO permissions (id, name, slug, module, description, created_at, updated_at) VALUES ('9', 'Manage system settings', 'settings.manage', 'settings', 'Manage system settings', '2026-07-12 12:55:28', '2026-07-12 12:55:28');
INSERT INTO permissions (id, name, slug, module, description, created_at, updated_at) VALUES ('10', 'Manage authorized devices', 'devices.manage', 'devices', 'Manage authorized devices', '2026-07-12 12:55:28', '2026-07-12 12:55:28');
INSERT INTO permissions (id, name, slug, module, description, created_at, updated_at) VALUES ('11', 'View security dashboard & alerts', 'security.dashboard', 'security', 'View security dashboard & alerts', '2026-07-12 12:55:28', '2026-07-12 12:55:28');
INSERT INTO permissions (id, name, slug, module, description, created_at, updated_at) VALUES ('12', 'Manage blocked IP addresses', 'security.blocked-ips', 'security', 'Manage blocked IP addresses', '2026-07-12 12:55:28', '2026-07-12 12:55:28');
INSERT INTO permissions (id, name, slug, module, description, created_at, updated_at) VALUES ('13', 'View intrusion logs', 'security.intrusions', 'security', 'View intrusion logs', '2026-07-12 12:55:28', '2026-07-12 12:55:28');
INSERT INTO permissions (id, name, slug, module, description, created_at, updated_at) VALUES ('14', 'View audit logs', 'audit.view', 'audit', 'View audit logs', '2026-07-12 12:55:28', '2026-07-12 12:55:28');
INSERT INTO permissions (id, name, slug, module, description, created_at, updated_at) VALUES ('15', 'View activity logs', 'activity.view', 'audit', 'View activity logs', '2026-07-12 12:55:28', '2026-07-12 12:55:28');
INSERT INTO permissions (id, name, slug, module, description, created_at, updated_at) VALUES ('16', 'View employee records', 'employees.view', 'employees', 'View employee records', '2026-07-12 12:55:28', '2026-07-12 12:55:28');
INSERT INTO permissions (id, name, slug, module, description, created_at, updated_at) VALUES ('17', 'Create/update/archive employees', 'employees.manage', 'employees', 'Create/update/archive employees', '2026-07-12 12:55:28', '2026-07-12 12:55:28');
INSERT INTO permissions (id, name, slug, module, description, created_at, updated_at) VALUES ('18', 'See employee salary fields', 'employees.view-salary', 'employees', 'See employee salary fields', '2026-07-12 12:55:28', '2026-07-12 12:55:28');
INSERT INTO permissions (id, name, slug, module, description, created_at, updated_at) VALUES ('19', 'Manage departments', 'departments.manage', 'organization', 'Manage departments', '2026-07-12 12:55:28', '2026-07-12 12:55:28');
INSERT INTO permissions (id, name, slug, module, description, created_at, updated_at) VALUES ('20', 'Manage positions', 'positions.manage', 'organization', 'Manage positions', '2026-07-12 12:55:28', '2026-07-12 12:55:28');
INSERT INTO permissions (id, name, slug, module, description, created_at, updated_at) VALUES ('21', 'Maintain the holiday calendar', 'holidays.manage', 'organization', 'Maintain the holiday calendar', '2026-07-12 12:55:28', '2026-07-12 12:55:28');
INSERT INTO permissions (id, name, slug, module, description, created_at, updated_at) VALUES ('22', 'File leave applications', 'leave.apply', 'leave', 'File leave applications', '2026-07-12 12:55:28', '2026-07-12 12:55:28');
INSERT INTO permissions (id, name, slug, module, description, created_at, updated_at) VALUES ('23', 'View own leave requests, balances, history', 'leave.view-own', 'leave', 'View own leave requests, balances, history', '2026-07-12 12:55:28', '2026-07-12 12:55:28');
INSERT INTO permissions (id, name, slug, module, description, created_at, updated_at) VALUES ('24', 'Cancel own pending leave requests', 'leave.cancel', 'leave', 'Cancel own pending leave requests', '2026-07-12 12:55:28', '2026-07-12 12:55:28');
INSERT INTO permissions (id, name, slug, module, description, created_at, updated_at) VALUES ('25', 'Recommend leave (Department Head step)', 'leave.review.department', 'leave', 'Recommend leave (Department Head step)', '2026-07-12 12:55:28', '2026-07-12 12:55:28');
INSERT INTO permissions (id, name, slug, module, description, created_at, updated_at) VALUES ('26', 'Validate & certify leave credits (HR step)', 'leave.certify.hr', 'leave', 'Validate & certify leave credits (HR step)', '2026-07-12 12:55:28', '2026-07-12 12:55:28');
INSERT INTO permissions (id, name, slug, module, description, created_at, updated_at) VALUES ('27', 'Final approval/disapproval (Mayor step)', 'leave.approve.final', 'leave', 'Final approval/disapproval (Mayor step)', '2026-07-12 12:55:28', '2026-07-12 12:55:28');
INSERT INTO permissions (id, name, slug, module, description, created_at, updated_at) VALUES ('28', 'View all leave requests', 'leave.requests.view-all', 'leave', 'View all leave requests', '2026-07-12 12:55:28', '2026-07-12 12:55:28');
INSERT INTO permissions (id, name, slug, module, description, created_at, updated_at) VALUES ('29', 'Adjust leave balances', 'leave.balances.manage', 'leave', 'Adjust leave balances', '2026-07-12 12:55:29', '2026-07-12 12:55:29');
INSERT INTO permissions (id, name, slug, module, description, created_at, updated_at) VALUES ('30', 'Configure leave types & policies', 'leave-types.manage', 'leave', 'Configure leave types & policies', '2026-07-12 12:55:29', '2026-07-12 12:55:29');
INSERT INTO permissions (id, name, slug, module, description, created_at, updated_at) VALUES ('31', 'Generate & export operational reports', 'reports.generate', 'reports', 'Generate & export operational reports', '2026-07-12 12:55:29', '2026-07-12 12:55:29');
INSERT INTO permissions (id, name, slug, module, description, created_at, updated_at) VALUES ('32', 'Generate & export security reports', 'reports.security', 'reports', 'Generate & export security reports', '2026-07-12 12:55:29', '2026-07-12 12:55:29');

-- Data: permission_role
INSERT INTO permission_role (permission_id, role_id) VALUES ('2', '1');
INSERT INTO permission_role (permission_id, role_id) VALUES ('22', '1');
INSERT INTO permission_role (permission_id, role_id) VALUES ('24', '1');
INSERT INTO permission_role (permission_id, role_id) VALUES ('23', '1');
INSERT INTO permission_role (permission_id, role_id) VALUES ('25', '2');
INSERT INTO permission_role (permission_id, role_id) VALUES ('19', '3');
INSERT INTO permission_role (permission_id, role_id) VALUES ('17', '3');
INSERT INTO permission_role (permission_id, role_id) VALUES ('16', '3');
INSERT INTO permission_role (permission_id, role_id) VALUES ('18', '3');
INSERT INTO permission_role (permission_id, role_id) VALUES ('21', '3');
INSERT INTO permission_role (permission_id, role_id) VALUES ('30', '3');
INSERT INTO permission_role (permission_id, role_id) VALUES ('29', '3');
INSERT INTO permission_role (permission_id, role_id) VALUES ('26', '3');
INSERT INTO permission_role (permission_id, role_id) VALUES ('28', '3');
INSERT INTO permission_role (permission_id, role_id) VALUES ('20', '3');
INSERT INTO permission_role (permission_id, role_id) VALUES ('31', '3');
INSERT INTO permission_role (permission_id, role_id) VALUES ('27', '4');
INSERT INTO permission_role (permission_id, role_id) VALUES ('28', '4');
INSERT INTO permission_role (permission_id, role_id) VALUES ('15', '5');
INSERT INTO permission_role (permission_id, role_id) VALUES ('14', '5');
INSERT INTO permission_role (permission_id, role_id) VALUES ('2', '5');
INSERT INTO permission_role (permission_id, role_id) VALUES ('10', '5');
INSERT INTO permission_role (permission_id, role_id) VALUES ('8', '5');
INSERT INTO permission_role (permission_id, role_id) VALUES ('31', '5');
INSERT INTO permission_role (permission_id, role_id) VALUES ('32', '5');
INSERT INTO permission_role (permission_id, role_id) VALUES ('12', '5');
INSERT INTO permission_role (permission_id, role_id) VALUES ('11', '5');
INSERT INTO permission_role (permission_id, role_id) VALUES ('13', '5');
INSERT INTO permission_role (permission_id, role_id) VALUES ('9', '5');
INSERT INTO permission_role (permission_id, role_id) VALUES ('6', '5');
INSERT INTO permission_role (permission_id, role_id) VALUES ('4', '5');
INSERT INTO permission_role (permission_id, role_id) VALUES ('7', '5');
INSERT INTO permission_role (permission_id, role_id) VALUES ('3', '5');
INSERT INTO permission_role (permission_id, role_id) VALUES ('5', '5');
INSERT INTO permission_role (permission_id, role_id) VALUES ('1', '6');

-- Data: leave_types
INSERT INTO leave_types (id, code, name, category, max_days, deductible, credit_source, requires_medical_after_days, filing_deadline_days, deadline_is_hard, detail_schema, required_documents, approval_flow, annual_reset, expires, is_custom, active, description, created_at, updated_at) VALUES ('1', 'VL', 'Vacation Leave', 'regular', NULL, '1', 'vacation', NULL, '5', '0', '[{"name":"location","label":"To be spent","type":"radio","required":true,"options":{"within_ph":"Within the Philippines","abroad":"Abroad"}},{"name":"location_specify","label":"Specify location","type":"text","required":true}]', '[]', '["department_head","hr","mayor"]', '0', '0', '0', '1', 'Deductible from Vacation Leave credits. File at least 5 days before effectivity whenever possible.', '2026-07-12 12:55:29', '2026-07-12 12:55:29');
INSERT INTO leave_types (id, code, name, category, max_days, deductible, credit_source, requires_medical_after_days, filing_deadline_days, deadline_is_hard, detail_schema, required_documents, approval_flow, annual_reset, expires, is_custom, active, description, created_at, updated_at) VALUES ('2', 'FL', 'Mandatory / Forced Leave', 'regular', '5', '1', 'vacation', NULL, '0', '0', '[{"name":"location","label":"To be spent","type":"radio","required":true,"options":{"within_ph":"Within the Philippines","abroad":"Abroad"}}]', '[]', '["department_head","hr","mayor"]', '1', '0', '0', '1', 'Five (5) days annually per CSC rules; deducted from VL credits; tracked automatically per year.', '2026-07-12 12:55:29', '2026-07-12 12:55:29');
INSERT INTO leave_types (id, code, name, category, max_days, deductible, credit_source, requires_medical_after_days, filing_deadline_days, deadline_is_hard, detail_schema, required_documents, approval_flow, annual_reset, expires, is_custom, active, description, created_at, updated_at) VALUES ('3', 'SL', 'Sick Leave', 'regular', NULL, '1', 'sick', '2', '0', '0', '[{"name":"confinement","label":"Where","type":"radio","required":true,"options":{"hospital":"In Hospital","outpatient":"Out Patient"}},{"name":"illness","label":"Specify illness","type":"text","required":true}]', '[{"type":"medical_certificate","label":"Medical Certificate","rule":{"days_gt":2}}]', '["department_head","hr","mayor"]', '0', '0', '0', '1', 'Deductible from Sick Leave credits. Medical certificate required beyond the configured day threshold; late filing after return captures a reason.', '2026-07-12 12:55:29', '2026-07-12 12:55:29');
INSERT INTO leave_types (id, code, name, category, max_days, deductible, credit_source, requires_medical_after_days, filing_deadline_days, deadline_is_hard, detail_schema, required_documents, approval_flow, annual_reset, expires, is_custom, active, description, created_at, updated_at) VALUES ('4', 'ML', 'Maternity Leave', 'special', '105', '0', NULL, NULL, '0', '0', '[{"name":"expected_delivery","label":"Expected\/Actual date of delivery","type":"date","required":true},{"name":"extension","label":"Availing additional extension (RA 11210)","type":"checkbox","required":false}]', '[{"type":"pregnancy_proof","label":"Proof of pregnancy (ultrasound)","rule":"always"},{"type":"medical_certificate","label":"Medical Certificate","rule":"always"}]', '["hr","mayor"]', '0', '0', '0', '1', '105 days per RA 11210, CSC compliant; extension where applicable.', '2026-07-12 12:55:29', '2026-07-12 12:55:29');
INSERT INTO leave_types (id, code, name, category, max_days, deductible, credit_source, requires_medical_after_days, filing_deadline_days, deadline_is_hard, detail_schema, required_documents, approval_flow, annual_reset, expires, is_custom, active, description, created_at, updated_at) VALUES ('5', 'PL', 'Paternity Leave', 'special', '7', '0', NULL, NULL, '0', '0', '[]', '[{"type":"birth_certificate","label":"Child''s Birth Certificate","rule":"always"},{"type":"marriage_certificate","label":"Marriage Certificate","rule":"always"},{"type":"medical_document","label":"Medical documents","rule":"optional"}]', '["department_head","hr","mayor"]', '0', '0', '0', '1', 'Seven (7) days for married male employees, per RA 8187.', '2026-07-12 12:55:29', '2026-07-12 12:55:29');
INSERT INTO leave_types (id, code, name, category, max_days, deductible, credit_source, requires_medical_after_days, filing_deadline_days, deadline_is_hard, detail_schema, required_documents, approval_flow, annual_reset, expires, is_custom, active, description, created_at, updated_at) VALUES ('6', 'SPL', 'Special Privilege Leave', 'regular', '3', '0', NULL, NULL, '7', '0', '[{"name":"location","label":"To be spent","type":"radio","required":true,"options":{"within_ph":"Within the Philippines","abroad":"Abroad"}},{"name":"travel_details","label":"Purpose \/ travel details","type":"textarea","required":true}]', '[]', '["department_head","hr","mayor"]', '1', '0', '0', '1', 'Three (3) days annually; recommend filing at least 1 week ahead.', '2026-07-12 12:55:29', '2026-07-12 12:55:29');
INSERT INTO leave_types (id, code, name, category, max_days, deductible, credit_source, requires_medical_after_days, filing_deadline_days, deadline_is_hard, detail_schema, required_documents, approval_flow, annual_reset, expires, is_custom, active, description, created_at, updated_at) VALUES ('7', 'SOLO', 'Solo Parent Leave', 'special', '7', '0', NULL, NULL, '0', '0', '[]', '[{"type":"solo_parent_id","label":"Solo Parent ID (DSWD)","rule":"always"}]', '["department_head","hr","mayor"]', '1', '0', '0', '1', 'Seven (7) days annually per RA 8972; requires a valid Solo Parent ID.', '2026-07-12 12:55:29', '2026-07-12 12:55:29');
INSERT INTO leave_types (id, code, name, category, max_days, deductible, credit_source, requires_medical_after_days, filing_deadline_days, deadline_is_hard, detail_schema, required_documents, approval_flow, annual_reset, expires, is_custom, active, description, created_at, updated_at) VALUES ('8', 'STL', 'Study Leave', 'special', '180', '0', NULL, NULL, '0', '0', '[{"name":"purpose","label":"Purpose","type":"radio","required":true,"options":{"masters":"Completion of Master''s Degree","bar":"BAR Review","board":"Board Examination Review","other":"Other"}},{"name":"purpose_other","label":"If other, specify","type":"text","required":false}]', '[{"type":"study_contract","label":"Study leave contract","rule":"always"},{"type":"supporting_document","label":"Supporting documents (enrolment\/registration)","rule":"always"}]', '["hr","mayor"]', '0', '0', '0', '1', 'Up to six (6) months for study purposes with contract and supporting documents.', '2026-07-12 12:55:29', '2026-07-12 12:55:29');
INSERT INTO leave_types (id, code, name, category, max_days, deductible, credit_source, requires_medical_after_days, filing_deadline_days, deadline_is_hard, detail_schema, required_documents, approval_flow, annual_reset, expires, is_custom, active, description, created_at, updated_at) VALUES ('9', 'VAWC', '10-Day VAWC Leave', 'special', '10', '0', NULL, NULL, '0', '0', '[]', '[{"type":"vawc_document","label":"Barangay Protection Order \/ Court Order \/ Medical Certificate \/ Police Report","rule":"always"}]', '["hr","mayor"]', '1', '0', '0', '1', 'Ten (10) days per RA 9262 with any qualifying supporting document.', '2026-07-12 12:55:29', '2026-07-12 12:55:29');
INSERT INTO leave_types (id, code, name, category, max_days, deductible, credit_source, requires_medical_after_days, filing_deadline_days, deadline_is_hard, detail_schema, required_documents, approval_flow, annual_reset, expires, is_custom, active, description, created_at, updated_at) VALUES ('10', 'RL', 'Rehabilitation Privilege Leave', 'special', '180', '0', NULL, NULL, '0', '0', '[{"name":"accident_details","label":"Details of work-related accident","type":"textarea","required":true}]', '[{"type":"accident_report","label":"Accident report","rule":"always"},{"type":"medical_certificate","label":"Medical Certificate","rule":"always"},{"type":"physician_recommendation","label":"Government physician recommendation","rule":"always"}]', '["hr","mayor"]', '0', '0', '0', '1', 'Up to six (6) months for work-related injury rehabilitation.', '2026-07-12 12:55:29', '2026-07-12 12:55:29');
INSERT INTO leave_types (id, code, name, category, max_days, deductible, credit_source, requires_medical_after_days, filing_deadline_days, deadline_is_hard, detail_schema, required_documents, approval_flow, annual_reset, expires, is_custom, active, description, created_at, updated_at) VALUES ('11', 'SLBW', 'Special Leave Benefits for Women', 'special', '60', '0', NULL, NULL, '0', '0', '[{"name":"illness","label":"Gynecological illness","type":"text","required":true},{"name":"surgery_details","label":"Surgery details","type":"textarea","required":true}]', '[{"type":"medical_certificate","label":"Medical Certificate","rule":"always"},{"type":"clinical_summary","label":"Clinical summary","rule":"always"},{"type":"surgery_document","label":"Surgery record\/details","rule":"always"}]', '["hr","mayor"]', '0', '0', '0', '1', 'Up to two (2) months per RA 9710 following surgery for gynecological disorders.', '2026-07-12 12:55:29', '2026-07-12 12:55:29');
INSERT INTO leave_types (id, code, name, category, max_days, deductible, credit_source, requires_medical_after_days, filing_deadline_days, deadline_is_hard, detail_schema, required_documents, approval_flow, annual_reset, expires, is_custom, active, description, created_at, updated_at) VALUES ('12', 'SEL', 'Special Emergency (Calamity) Leave', 'special', '5', '0', NULL, NULL, '0', '0', '[{"name":"calamity","label":"Declared calamity","type":"text","required":true},{"name":"calamity_area","label":"Affected area (must match residence)","type":"text","required":true}]', '[{"type":"government_proof","label":"Government declaration \/ supporting documents","rule":"always"}]', '["hr","mayor"]', '1', '0', '0', '1', 'Up to five (5) days; HR validates residence against the declared calamity area.', '2026-07-12 12:55:29', '2026-07-12 12:55:29');
INSERT INTO leave_types (id, code, name, category, max_days, deductible, credit_source, requires_medical_after_days, filing_deadline_days, deadline_is_hard, detail_schema, required_documents, approval_flow, annual_reset, expires, is_custom, active, description, created_at, updated_at) VALUES ('13', 'MON', 'Monetization of Leave Credits', 'monetization', NULL, '1', 'vacation', NULL, '0', '0', '[{"name":"reason","label":"Reason for monetization","type":"textarea","required":true},{"name":"days_to_monetize","label":"Number of days to monetize","type":"number","required":true}]', '[{"type":"letter_request","label":"Letter request","rule":"always"}]', '["hr","mayor"]', '0', '0', '0', '1', 'Converts leave credits to cash; requires HR approval then Mayor approval.', '2026-07-12 12:55:29', '2026-07-12 12:55:29');
INSERT INTO leave_types (id, code, name, category, max_days, deductible, credit_source, requires_medical_after_days, filing_deadline_days, deadline_is_hard, detail_schema, required_documents, approval_flow, annual_reset, expires, is_custom, active, description, created_at, updated_at) VALUES ('14', 'TL', 'Terminal Leave', 'terminal', NULL, '1', 'vacation', NULL, '0', '0', '[{"name":"separation_type","label":"Separation","type":"radio","required":true,"options":{"retirement":"Retirement","resignation":"Resignation"}}]', '[{"type":"clearance","label":"Clearance","rule":"always"},{"type":"separation_document","label":"Resignation \/ retirement documents","rule":"always"}]', '["hr","mayor"]', '0', '0', '0', '1', 'Money value of accumulated credits upon retirement or resignation.', '2026-07-12 12:55:29', '2026-07-12 12:55:29');
INSERT INTO leave_types (id, code, name, category, max_days, deductible, credit_source, requires_medical_after_days, filing_deadline_days, deadline_is_hard, detail_schema, required_documents, approval_flow, annual_reset, expires, is_custom, active, description, created_at, updated_at) VALUES ('15', 'AL', 'Adoption Leave', 'special', '60', '0', NULL, NULL, '0', '0', '[]', '[{"type":"papa_document","label":"Pre-Adoption Placement Authority (PAPA)","rule":"always"},{"type":"dswd_document","label":"DSWD documents","rule":"always"}]', '["hr","mayor"]', '0', '0', '0', '1', 'Adoption leave per RA 8552 with DSWD documentation.', '2026-07-12 12:55:29', '2026-07-12 12:55:29');

-- Data: system_settings
INSERT INTO system_settings (id, key, value, type, group, description, created_at, updated_at) VALUES ('1', 'auth.otp_enabled', '1', 'bool', 'auth', 'Require email OTP as a second factor at login', '2026-07-12 12:55:30', '2026-07-12 12:55:30');
INSERT INTO system_settings (id, key, value, type, group, description, created_at, updated_at) VALUES ('2', 'auth.otp_ttl_minutes', '5', 'int', 'auth', 'OTP validity window in minutes', '2026-07-12 12:55:30', '2026-07-12 12:55:30');
INSERT INTO system_settings (id, key, value, type, group, description, created_at, updated_at) VALUES ('3', 'auth.lockout_attempts', '3', 'int', 'auth', 'Failed logins before the account is blocked', '2026-07-12 12:55:30', '2026-07-12 12:55:30');
INSERT INTO system_settings (id, key, value, type, group, description, created_at, updated_at) VALUES ('4', 'auth.lockout_hours', '24', 'int', 'auth', 'Hours an auto-blocked account stays blocked', '2026-07-12 12:55:30', '2026-07-12 12:55:30');
INSERT INTO system_settings (id, key, value, type, group, description, created_at, updated_at) VALUES ('5', 'auth.session_idle_minutes', '30', 'int', 'auth', 'Idle minutes before forced logout', '2026-07-12 12:55:30', '2026-07-12 12:55:30');
INSERT INTO system_settings (id, key, value, type, group, description, created_at, updated_at) VALUES ('6', 'security.device_enforcement', '0', 'bool', 'security', 'Only authorized devices may access the system', '2026-07-12 12:55:30', '2026-07-12 12:55:30');
INSERT INTO system_settings (id, key, value, type, group, description, created_at, updated_at) VALUES ('7', 'security.ids_enabled', '1', 'bool', 'security', 'Enable intrusion detection middleware', '2026-07-12 12:55:30', '2026-07-12 12:55:30');
INSERT INTO system_settings (id, key, value, type, group, description, created_at, updated_at) VALUES ('8', 'security.auto_block_threshold', '5', 'int', 'security', 'Intrusion events from one IP before auto-block', '2026-07-12 12:55:30', '2026-07-12 12:55:30');
INSERT INTO system_settings (id, key, value, type, group, description, created_at, updated_at) VALUES ('9', 'security.auto_block_window_minutes', '10', 'int', 'security', 'Sliding window for the auto-block threshold', '2026-07-12 12:55:30', '2026-07-12 12:55:30');
INSERT INTO system_settings (id, key, value, type, group, description, created_at, updated_at) VALUES ('10', 'security.ip_block_hours', '24', 'int', 'security', 'Hours an auto-blocked IP stays blocked', '2026-07-12 12:55:30', '2026-07-12 12:55:30');
INSERT INTO system_settings (id, key, value, type, group, description, created_at, updated_at) VALUES ('11', 'security.rate_limit_per_minute', '120', 'int', 'security', 'Requests/minute per IP before a rate anomaly is logged', '2026-07-12 12:55:30', '2026-07-12 12:55:30');
INSERT INTO system_settings (id, key, value, type, group, description, created_at, updated_at) VALUES ('12', 'leave.monthly_vl_accrual', '1.25', 'string', 'leave', 'Vacation Leave credits earned per month', '2026-07-12 12:55:30', '2026-07-12 12:55:30');
INSERT INTO system_settings (id, key, value, type, group, description, created_at, updated_at) VALUES ('13', 'leave.monthly_sl_accrual', '1.25', 'string', 'leave', 'Sick Leave credits earned per month', '2026-07-12 12:55:30', '2026-07-12 12:55:30');
INSERT INTO system_settings (id, key, value, type, group, description, created_at, updated_at) VALUES ('14', 'leave.vl_hard_deadline_days', '3', 'int', 'leave', 'HR rule: VL must be filed N days ahead (warning + HR override)', '2026-07-12 12:55:30', '2026-07-12 12:55:30');
INSERT INTO system_settings (id, key, value, type, group, description, created_at, updated_at) VALUES ('15', 'general.lgu_name', 'Local Government Unit of Alicia', 'string', 'general', 'Organization name on forms and reports', '2026-07-12 12:55:30', '2026-07-12 12:55:30');
INSERT INTO system_settings (id, key, value, type, group, description, created_at, updated_at) VALUES ('16', 'general.alerts_poll_seconds', '15', 'int', 'general', 'Dashboard alert polling interval', '2026-07-12 12:55:30', '2026-07-12 12:55:30');

-- Data: holidays
INSERT INTO holidays (id, date, name, scope, created_at, updated_at) VALUES ('1', '2026-01-01 00:00:00', 'New Year''s Day', 'national', '2026-07-12 12:55:29', '2026-07-12 12:55:29');
INSERT INTO holidays (id, date, name, scope, created_at, updated_at) VALUES ('2', '2026-04-09 00:00:00', 'Araw ng Kagitingan', 'national', '2026-07-12 12:55:29', '2026-07-12 12:55:29');
INSERT INTO holidays (id, date, name, scope, created_at, updated_at) VALUES ('3', '2026-05-01 00:00:00', 'Labor Day', 'national', '2026-07-12 12:55:29', '2026-07-12 12:55:29');
INSERT INTO holidays (id, date, name, scope, created_at, updated_at) VALUES ('4', '2026-06-12 00:00:00', 'Independence Day', 'national', '2026-07-12 12:55:29', '2026-07-12 12:55:29');
INSERT INTO holidays (id, date, name, scope, created_at, updated_at) VALUES ('5', '2026-08-21 00:00:00', 'Ninoy Aquino Day', 'national', '2026-07-12 12:55:29', '2026-07-12 12:55:29');
INSERT INTO holidays (id, date, name, scope, created_at, updated_at) VALUES ('6', '2026-11-01 00:00:00', 'All Saints'' Day', 'national', '2026-07-12 12:55:29', '2026-07-12 12:55:29');
INSERT INTO holidays (id, date, name, scope, created_at, updated_at) VALUES ('7', '2026-11-30 00:00:00', 'Bonifacio Day', 'national', '2026-07-12 12:55:29', '2026-07-12 12:55:29');
INSERT INTO holidays (id, date, name, scope, created_at, updated_at) VALUES ('8', '2026-12-08 00:00:00', 'Feast of the Immaculate Conception', 'national', '2026-07-12 12:55:29', '2026-07-12 12:55:29');
INSERT INTO holidays (id, date, name, scope, created_at, updated_at) VALUES ('9', '2026-12-25 00:00:00', 'Christmas Day', 'national', '2026-07-12 12:55:29', '2026-07-12 12:55:29');
INSERT INTO holidays (id, date, name, scope, created_at, updated_at) VALUES ('10', '2026-12-30 00:00:00', 'Rizal Day', 'national', '2026-07-12 12:55:29', '2026-07-12 12:55:29');
INSERT INTO holidays (id, date, name, scope, created_at, updated_at) VALUES ('11', '2026-12-31 00:00:00', 'New Year''s Eve', 'national', '2026-07-12 12:55:29', '2026-07-12 12:55:29');
INSERT INTO holidays (id, date, name, scope, created_at, updated_at) VALUES ('12', '2027-01-01 00:00:00', 'New Year''s Day', 'national', '2026-07-12 12:55:29', '2026-07-12 12:55:29');
INSERT INTO holidays (id, date, name, scope, created_at, updated_at) VALUES ('13', '2027-04-09 00:00:00', 'Araw ng Kagitingan', 'national', '2026-07-12 12:55:29', '2026-07-12 12:55:29');
INSERT INTO holidays (id, date, name, scope, created_at, updated_at) VALUES ('14', '2027-05-01 00:00:00', 'Labor Day', 'national', '2026-07-12 12:55:29', '2026-07-12 12:55:29');
INSERT INTO holidays (id, date, name, scope, created_at, updated_at) VALUES ('15', '2027-06-12 00:00:00', 'Independence Day', 'national', '2026-07-12 12:55:29', '2026-07-12 12:55:29');
INSERT INTO holidays (id, date, name, scope, created_at, updated_at) VALUES ('16', '2027-08-21 00:00:00', 'Ninoy Aquino Day', 'national', '2026-07-12 12:55:29', '2026-07-12 12:55:29');
INSERT INTO holidays (id, date, name, scope, created_at, updated_at) VALUES ('17', '2027-11-01 00:00:00', 'All Saints'' Day', 'national', '2026-07-12 12:55:29', '2026-07-12 12:55:29');
INSERT INTO holidays (id, date, name, scope, created_at, updated_at) VALUES ('18', '2027-11-30 00:00:00', 'Bonifacio Day', 'national', '2026-07-12 12:55:29', '2026-07-12 12:55:29');
INSERT INTO holidays (id, date, name, scope, created_at, updated_at) VALUES ('19', '2027-12-08 00:00:00', 'Feast of the Immaculate Conception', 'national', '2026-07-12 12:55:29', '2026-07-12 12:55:29');
INSERT INTO holidays (id, date, name, scope, created_at, updated_at) VALUES ('20', '2027-12-25 00:00:00', 'Christmas Day', 'national', '2026-07-12 12:55:29', '2026-07-12 12:55:29');
INSERT INTO holidays (id, date, name, scope, created_at, updated_at) VALUES ('21', '2027-12-30 00:00:00', 'Rizal Day', 'national', '2026-07-12 12:55:29', '2026-07-12 12:55:29');
INSERT INTO holidays (id, date, name, scope, created_at, updated_at) VALUES ('22', '2027-12-31 00:00:00', 'New Year''s Eve', 'national', '2026-07-12 12:55:29', '2026-07-12 12:55:29');

